UBIGEO,NOM_DEP,NOM_PROV,NOM_DIST,COD_ REG_NAT,REGION NATURAL
020101,ANCASH,HUARAZ,HUARAZ,2,SIERRA
020102,ANCASH,HUARAZ,COCHABAMBA,2,SIERRA
020103,ANCASH,HUARAZ,COLCABAMBA,2,SIERRA
020104,ANCASH,HUARAZ,HUANCHAY,2,SIERRA
020105,ANCASH,HUARAZ,INDEPENDENCIA,2,SIERRA
020106,ANCASH,HUARAZ,JANGAS,2,SIERRA
020107,ANCASH,HUARAZ,LA LIBERTAD,2,SIERRA
020108,ANCASH,HUARAZ,OLLEROS,2,SIERRA
020109,ANCASH,HUARAZ,PAMPAS GRANDE,2,SIERRA
020110,ANCASH,HUARAZ,PARIACOTO,1,COSTA
020111,ANCASH,HUARAZ,PIRA,2,SIERRA
020112,ANCASH,HUARAZ,TARICA,2,SIERRA
020201,ANCASH,AIJA,AIJA,2,SIERRA
020202,ANCASH,AIJA,CORIS,2,SIERRA
020203,ANCASH,AIJA,HUACLLAN,2,SIERRA
020204,ANCASH,AIJA,LA MERCED,2,SIERRA
020205,ANCASH,AIJA,SUCCHA,2,SIERRA
020301,ANCASH,ANTONIO RAYMONDI,LLAMELLIN,2,SIERRA
020302,ANCASH,ANTONIO RAYMONDI,ACZO,2,SIERRA
020303,ANCASH,ANTONIO RAYMONDI,CHACCHO,2,SIERRA
020304,ANCASH,ANTONIO RAYMONDI,CHINGAS,2,SIERRA
020305,ANCASH,ANTONIO RAYMONDI,MIRGAS,2,SIERRA
020306,ANCASH,ANTONIO RAYMONDI,SAN JUAN DE RONTOY,2,SIERRA
020401,ANCASH,ASUNCION,CHACAS,2,SIERRA
020402,ANCASH,ASUNCION,ACOCHACA,2,SIERRA
020501,ANCASH,BOLOGNESI,CHIQUIAN,2,SIERRA
020502,ANCASH,BOLOGNESI,ABELARDO PARDO LEZAMETA,2,SIERRA
020503,ANCASH,BOLOGNESI,ANTONIO RAYMONDI,2,SIERRA
020504,ANCASH,BOLOGNESI,AQUIA,2,SIERRA
020505,ANCASH,BOLOGNESI,CAJACAY,2,SIERRA
020506,ANCASH,BOLOGNESI,CANIS,2,SIERRA
020507,ANCASH,BOLOGNESI,COLQUIOC,1,COSTA
020508,ANCASH,BOLOGNESI,HUALLANCA,2,SIERRA
020509,ANCASH,BOLOGNESI,HUASTA,2,SIERRA
020510,ANCASH,BOLOGNESI,HUAYLLACAYAN,2,SIERRA
020511,ANCASH,BOLOGNESI,LA PRIMAVERA,2,SIERRA
020512,ANCASH,BOLOGNESI,MANGAS,2,SIERRA
020513,ANCASH,BOLOGNESI,PACLLON,2,SIERRA
020514,ANCASH,BOLOGNESI,SAN MIGUEL DE CORPANQUI,2,SIERRA
020515,ANCASH,BOLOGNESI,TICLLOS,2,SIERRA
020601,ANCASH,CARHUAZ,CARHUAZ,2,SIERRA
020602,ANCASH,CARHUAZ,ACOPAMPA,2,SIERRA
020603,ANCASH,CARHUAZ,AMASHCA,2,SIERRA
020604,ANCASH,CARHUAZ,ANTA,2,SIERRA
020605,ANCASH,CARHUAZ,ATAQUERO,2,SIERRA
020606,ANCASH,CARHUAZ,MARCARA,2,SIERRA
020607,ANCASH,CARHUAZ,PARIAHUANCA,2,SIERRA
020608,ANCASH,CARHUAZ,SAN MIGUEL DE ACO,2,SIERRA
020609,ANCASH,CARHUAZ,SHILLA,2,SIERRA
020610,ANCASH,CARHUAZ,TINCO,2,SIERRA
020611,ANCASH,CARHUAZ,YUNGAR,2,SIERRA
020701,ANCASH,CARLOS FERMIN FITZCARRALD,SAN LUIS,2,SIERRA
020702,ANCASH,CARLOS FERMIN FITZCARRALD,SAN NICOLAS,2,SIERRA
020703,ANCASH,CARLOS FERMIN FITZCARRALD,YAUYA,2,SIERRA
020801,ANCASH,CASMA,CASMA,1,COSTA
020802,ANCASH,CASMA,BUENA VISTA ALTA,1,COSTA
020803,ANCASH,CASMA,COMANDANTE NOEL,1,COSTA
020804,ANCASH,CASMA,YAUTAN,1,COSTA
020901,ANCASH,CORONGO,CORONGO,2,SIERRA
020902,ANCASH,CORONGO,ACO,2,SIERRA
020903,ANCASH,CORONGO,BAMBAS,2,SIERRA
020904,ANCASH,CORONGO,CUSCA,2,SIERRA
020905,ANCASH,CORONGO,LA PAMPA,1,COSTA
020906,ANCASH,CORONGO,YANAC,2,SIERRA
020907,ANCASH,CORONGO,YUPAN,2,SIERRA
021001,ANCASH,HUARI,HUARI,2,SIERRA
021002,ANCASH,HUARI,ANRA,2,SIERRA
021003,ANCASH,HUARI,CAJAY,2,SIERRA
021004,ANCASH,HUARI,CHAVIN DE HUANTAR,2,SIERRA
021005,ANCASH,HUARI,HUACACHI,2,SIERRA
021006,ANCASH,HUARI,HUACCHIS,2,SIERRA
021007,ANCASH,HUARI,HUACHIS,2,SIERRA
021008,ANCASH,HUARI,HUANTAR,2,SIERRA
021009,ANCASH,HUARI,MASIN,2,SIERRA
021010,ANCASH,HUARI,PAUCAS,2,SIERRA
021011,ANCASH,HUARI,PONTO,2,SIERRA
021012,ANCASH,HUARI,RAHUAPAMPA,2,SIERRA
021013,ANCASH,HUARI,RAPAYAN,2,SIERRA
021014,ANCASH,HUARI,SAN MARCOS,2,SIERRA
021015,ANCASH,HUARI,SAN PEDRO DE CHANA,2,SIERRA
021016,ANCASH,HUARI,UCO,2,SIERRA
021101,ANCASH,HUARMEY,HUARMEY,1,COSTA
021102,ANCASH,HUARMEY,COCHAPETI,2,SIERRA
021103,ANCASH,HUARMEY,CULEBRAS,1,COSTA
021104,ANCASH,HUARMEY,HUAYAN,2,SIERRA
021105,ANCASH,HUARMEY,MALVAS,2,SIERRA
021201,ANCASH,HUAYLAS,CARAZ,2,SIERRA
021202,ANCASH,HUAYLAS,HUALLANCA,1,COSTA
021203,ANCASH,HUAYLAS,HUATA,2,SIERRA
021204,ANCASH,HUAYLAS,HUAYLAS,2,SIERRA
021205,ANCASH,HUAYLAS,MATO,2,SIERRA
021206,ANCASH,HUAYLAS,PAMPAROMAS,2,SIERRA
021207,ANCASH,HUAYLAS,PUEBLO LIBRE,2,SIERRA
021208,ANCASH,HUAYLAS,SANTA CRUZ,2,SIERRA
021209,ANCASH,HUAYLAS,SANTO TORIBIO,2,SIERRA
021210,ANCASH,HUAYLAS,YURACMARCA,1,COSTA
021301,ANCASH,MARISCAL LUZURIAGA,PISCOBAMBA,2,SIERRA
021302,ANCASH,MARISCAL LUZURIAGA,CASCA,2,SIERRA
021303,ANCASH,MARISCAL LUZURIAGA,ELEAZAR GUZMAN BARRON,2,SIERRA
021304,ANCASH,MARISCAL LUZURIAGA,FIDEL OLIVAS ESCUDERO,2,SIERRA
021305,ANCASH,MARISCAL LUZURIAGA,LLAMA,2,SIERRA
021306,ANCASH,MARISCAL LUZURIAGA,LLUMPA,2,SIERRA
021307,ANCASH,MARISCAL LUZURIAGA,LUCMA,2,SIERRA
021308,ANCASH,MARISCAL LUZURIAGA,MUSGA,2,SIERRA
021401,ANCASH,OCROS,OCROS,2,SIERRA
021402,ANCASH,OCROS,ACAS,2,SIERRA
021403,ANCASH,OCROS,CAJAMARQUILLA,2,SIERRA
021404,ANCASH,OCROS,CARHUAPAMPA,2,SIERRA
021405,ANCASH,OCROS,COCHAS,1,COSTA
021406,ANCASH,OCROS,CONGAS,2,SIERRA
021407,ANCASH,OCROS,LLIPA,2,SIERRA
021408,ANCASH,OCROS,SAN CRISTOBAL DE RAJAN,2,SIERRA
021409,ANCASH,OCROS,SAN PEDRO,2,SIERRA
021410,ANCASH,OCROS,SANTIAGO DE CHILCAS,2,SIERRA
021501,ANCASH,PALLASCA,CABANA,2,SIERRA
021502,ANCASH,PALLASCA,BOLOGNESI,2,SIERRA
021503,ANCASH,PALLASCA,CONCHUCOS,2,SIERRA
021504,ANCASH,PALLASCA,HUACASCHUQUE,2,SIERRA
021505,ANCASH,PALLASCA,HUANDOVAL,2,SIERRA
021506,ANCASH,PALLASCA,LACABAMBA,2,SIERRA
021507,ANCASH,PALLASCA,LLAPO,2,SIERRA
021508,ANCASH,PALLASCA,PALLASCA,2,SIERRA
021509,ANCASH,PALLASCA,PAMPAS,2,SIERRA
021510,ANCASH,PALLASCA,SANTA ROSA,2,SIERRA
021511,ANCASH,PALLASCA,TAUCA,2,SIERRA
021601,ANCASH,POMABAMBA,POMABAMBA,2,SIERRA
021602,ANCASH,POMABAMBA,HUAYLLAN,2,SIERRA
021603,ANCASH,POMABAMBA,PAROBAMBA,2,SIERRA
021604,ANCASH,POMABAMBA,QUINUABAMBA,2,SIERRA
021701,ANCASH,RECUAY,RECUAY,2,SIERRA
021702,ANCASH,RECUAY,CATAC,2,SIERRA
021703,ANCASH,RECUAY,COTAPARACO,2,SIERRA
021704,ANCASH,RECUAY,HUAYLLAPAMPA,2,SIERRA
021705,ANCASH,RECUAY,LLACLLIN,2,SIERRA
021706,ANCASH,RECUAY,MARCA,2,SIERRA
021707,ANCASH,RECUAY,PAMPAS CHICO,2,SIERRA
021708,ANCASH,RECUAY,PARARIN,2,SIERRA
021709,ANCASH,RECUAY,TAPACOCHA,2,SIERRA
021710,ANCASH,RECUAY,TICAPAMPA,2,SIERRA
021801,ANCASH,SANTA,CHIMBOTE,1,COSTA
021802,ANCASH,SANTA,CACERES DEL PERU,1,COSTA
021803,ANCASH,SANTA,COISHCO,1,COSTA
021804,ANCASH,SANTA,MACATE,2,SIERRA
021805,ANCASH,SANTA,MORO,1,COSTA
021806,ANCASH,SANTA,NEPEÑA,1,COSTA
021807,ANCASH,SANTA,SAMANCO,1,COSTA
021808,ANCASH,SANTA,SANTA,1,COSTA
021809,ANCASH,SANTA,NUEVO CHIMBOTE,1,COSTA
021901,ANCASH,SIHUAS,SIHUAS,2,SIERRA
021902,ANCASH,SIHUAS,ACOBAMBA,2,SIERRA
021903,ANCASH,SIHUAS,ALFONSO UGARTE,2,SIERRA
021904,ANCASH,SIHUAS,CASHAPAMPA,2,SIERRA
021905,ANCASH,SIHUAS,CHINGALPO,2,SIERRA
021906,ANCASH,SIHUAS,HUAYLLABAMBA,2,SIERRA
021907,ANCASH,SIHUAS,QUICHES,2,SIERRA
021908,ANCASH,SIHUAS,RAGASH,2,SIERRA
021909,ANCASH,SIHUAS,SAN JUAN,2,SIERRA
021910,ANCASH,SIHUAS,SICSIBAMBA,2,SIERRA
022001,ANCASH,YUNGAY,YUNGAY,2,SIERRA
022002,ANCASH,YUNGAY,CASCAPARA,2,SIERRA
022003,ANCASH,YUNGAY,MANCOS,2,SIERRA
022004,ANCASH,YUNGAY,MATACOTO,2,SIERRA
022005,ANCASH,YUNGAY,QUILLO,1,COSTA
022006,ANCASH,YUNGAY,RANRAHIRCA,2,SIERRA
022007,ANCASH,YUNGAY,SHUPLUY,2,SIERRA
022008,ANCASH,YUNGAY,YANAMA,2,SIERRA
060101,CAJAMARCA,CAJAMARCA,CAJAMARCA,2,SIERRA
060102,CAJAMARCA,CAJAMARCA,ASUNCION,2,SIERRA
060103,CAJAMARCA,CAJAMARCA,CHETILLA,2,SIERRA
060104,CAJAMARCA,CAJAMARCA,COSPAN,2,SIERRA
060105,CAJAMARCA,CAJAMARCA,ENCAÑADA,2,SIERRA
060106,CAJAMARCA,CAJAMARCA,JESUS,2,SIERRA
060107,CAJAMARCA,CAJAMARCA,LLACANORA,2,SIERRA
060108,CAJAMARCA,CAJAMARCA,LOS BAÑOS DEL INCA,2,SIERRA
060109,CAJAMARCA,CAJAMARCA,MAGDALENA,1,COSTA
060110,CAJAMARCA,CAJAMARCA,MATARA,2,SIERRA
060111,CAJAMARCA,CAJAMARCA,NAMORA,2,SIERRA
060112,CAJAMARCA,CAJAMARCA,SAN JUAN,2,SIERRA
060201,CAJAMARCA,CAJABAMBA,CAJABAMBA,2,SIERRA
060202,CAJAMARCA,CAJABAMBA,CACHACHI,2,SIERRA
060203,CAJAMARCA,CAJABAMBA,CONDEBAMBA,2,SIERRA
060204,CAJAMARCA,CAJABAMBA,SITACOCHA,2,SIERRA
060301,CAJAMARCA,CELENDIN,CELENDIN,2,SIERRA
060302,CAJAMARCA,CELENDIN,CHUMUCH,2,SIERRA
060303,CAJAMARCA,CELENDIN,CORTEGANA,2,SIERRA
060304,CAJAMARCA,CELENDIN,HUASMIN,2,SIERRA
060305,CAJAMARCA,CELENDIN,JORGE CHAVEZ,2,SIERRA
060306,CAJAMARCA,CELENDIN,JOSE GALVEZ,2,SIERRA
060307,CAJAMARCA,CELENDIN,MIGUEL IGLESIAS,2,SIERRA
060308,CAJAMARCA,CELENDIN,OXAMARCA,2,SIERRA
060309,CAJAMARCA,CELENDIN,SOROCHUCO,2,SIERRA
060310,CAJAMARCA,CELENDIN,SUCRE,2,SIERRA
060311,CAJAMARCA,CELENDIN,UTCO,2,SIERRA
060312,CAJAMARCA,CELENDIN,LA LIBERTAD DE PALLAN,2,SIERRA
060401,CAJAMARCA,CHOTA,CHOTA,2,SIERRA
060402,CAJAMARCA,CHOTA,ANGUIA,2,SIERRA
060403,CAJAMARCA,CHOTA,CHADIN,2,SIERRA
060404,CAJAMARCA,CHOTA,CHIGUIRIP,2,SIERRA
060405,CAJAMARCA,CHOTA,CHIMBAN,3,SELVA ALTA
060406,CAJAMARCA,CHOTA,CHOROPAMPA,2,SIERRA
060407,CAJAMARCA,CHOTA,COCHABAMBA,3,SELVA ALTA
060408,CAJAMARCA,CHOTA,CONCHAN,2,SIERRA
060409,CAJAMARCA,CHOTA,HUAMBOS,2,SIERRA
060410,CAJAMARCA,CHOTA,LAJAS,2,SIERRA
060411,CAJAMARCA,CHOTA,LLAMA,2,SIERRA
060412,CAJAMARCA,CHOTA,MIRACOSTA,2,SIERRA
060413,CAJAMARCA,CHOTA,PACCHA,2,SIERRA
060414,CAJAMARCA,CHOTA,PION,3,SELVA ALTA
060415,CAJAMARCA,CHOTA,QUEROCOTO,2,SIERRA
060416,CAJAMARCA,CHOTA,SAN JUAN DE LICUPIS,2,SIERRA
060417,CAJAMARCA,CHOTA,TACABAMBA,2,SIERRA
060418,CAJAMARCA,CHOTA,TOCMOCHE,1,COSTA
060419,CAJAMARCA,CHOTA,CHALAMARCA,2,SIERRA
060501,CAJAMARCA,CONTUMAZA,CONTUMAZA,2,SIERRA
060502,CAJAMARCA,CONTUMAZA,CHILETE,1,COSTA
060503,CAJAMARCA,CONTUMAZA,CUPISNIQUE,1,COSTA
060504,CAJAMARCA,CONTUMAZA,GUZMANGO,2,SIERRA
060505,CAJAMARCA,CONTUMAZA,SAN BENITO,1,COSTA
060506,CAJAMARCA,CONTUMAZA,SANTA CRUZ DE TOLED,2,SIERRA
060507,CAJAMARCA,CONTUMAZA,TANTARICA,2,SIERRA
060508,CAJAMARCA,CONTUMAZA,YONAN,1,COSTA
060601,CAJAMARCA,CUTERVO,CUTERVO,2,SIERRA
060602,CAJAMARCA,CUTERVO,CALLAYUC,3,SELVA ALTA
060603,CAJAMARCA,CUTERVO,CHOROS,4,SELVA BAJA
060604,CAJAMARCA,CUTERVO,CUJILLO,3,SELVA ALTA
060605,CAJAMARCA,CUTERVO,LA RAMADA,2,SIERRA
060606,CAJAMARCA,CUTERVO,PIMPINGOS,3,SELVA ALTA
060607,CAJAMARCA,CUTERVO,QUEROCOTILLO,2,SIERRA
060608,CAJAMARCA,CUTERVO,SAN ANDRES DE CUTERVO,2,SIERRA
060609,CAJAMARCA,CUTERVO,SAN JUAN DE CUTERVO,3,SELVA ALTA
060610,CAJAMARCA,CUTERVO,SAN LUIS DE LUCMA,3,SELVA ALTA
060611,CAJAMARCA,CUTERVO,SANTA CRUZ,3,SELVA ALTA
060612,CAJAMARCA,CUTERVO,SANTO DOMINGO DE LA CAPILLA,3,SELVA ALTA
060613,CAJAMARCA,CUTERVO,SANTO TOMAS,2,SIERRA
060614,CAJAMARCA,CUTERVO,SOCOTA,3,SELVA ALTA
060615,CAJAMARCA,CUTERVO,TORIBIO CASANOVA,3,SELVA ALTA
060701,CAJAMARCA,HUALGAYOC,BAMBAMARCA,2,SIERRA
060702,CAJAMARCA,HUALGAYOC,CHUGUR,2,SIERRA
060703,CAJAMARCA,HUALGAYOC,HUALGAYOC,2,SIERRA
060801,CAJAMARCA,JAEN,JAEN,3,SELVA ALTA
060802,CAJAMARCA,JAEN,BELLAVISTA,4,SELVA BAJA
060803,CAJAMARCA,JAEN,CHONTALI,3,SELVA ALTA
060804,CAJAMARCA,JAEN,COLASAY,3,SELVA ALTA
060805,CAJAMARCA,JAEN,HUABAL,3,SELVA ALTA
060806,CAJAMARCA,JAEN,LAS PIRIAS,3,SELVA ALTA
060807,CAJAMARCA,JAEN,POMAHUACA,3,SELVA ALTA
060808,CAJAMARCA,JAEN,PUCARA,3,SELVA ALTA
060809,CAJAMARCA,JAEN,SALLIQUE,3,SELVA ALTA
060810,CAJAMARCA,JAEN,SAN FELIPE,3,SELVA ALTA
060811,CAJAMARCA,JAEN,SAN JOSE DEL ALTO,3,SELVA ALTA
060812,CAJAMARCA,JAEN,SANTA ROSA,3,SELVA ALTA
060901,CAJAMARCA,SAN IGNACIO,SAN IGNACIO,3,SELVA ALTA
060902,CAJAMARCA,SAN IGNACIO,CHIRINOS,3,SELVA ALTA
060903,CAJAMARCA,SAN IGNACIO,HUARANGO,3,SELVA ALTA
060904,CAJAMARCA,SAN IGNACIO,LA COIPA,3,SELVA ALTA
060905,CAJAMARCA,SAN IGNACIO,NAMBALLE,3,SELVA ALTA
060906,CAJAMARCA,SAN IGNACIO,SAN JOSE DE LOURDES,3,SELVA ALTA
060907,CAJAMARCA,SAN IGNACIO,TABACONAS,3,SELVA ALTA
061001,CAJAMARCA,SAN MARCOS,PEDRO GALVEZ,2,SIERRA
061002,CAJAMARCA,SAN MARCOS,CHANCAY,2,SIERRA
061003,CAJAMARCA,SAN MARCOS,EDUARDO VILLANUEVA,2,SIERRA
061004,CAJAMARCA,SAN MARCOS,GREGORIO PITA,2,SIERRA
061005,CAJAMARCA,SAN MARCOS,ICHOCAN,2,SIERRA
061006,CAJAMARCA,SAN MARCOS,JOSE MANUEL QUIROZ,2,SIERRA
061007,CAJAMARCA,SAN MARCOS,JOSE SABOGAL,2,SIERRA
061101,CAJAMARCA,SAN MIGUEL,SAN MIGUEL,2,SIERRA
061102,CAJAMARCA,SAN MIGUEL,BOLIVAR,1,COSTA
061103,CAJAMARCA,SAN MIGUEL,CALQUIS,2,SIERRA
061104,CAJAMARCA,SAN MIGUEL,CATILLUC,2,SIERRA
061105,CAJAMARCA,SAN MIGUEL,EL PRADO,2,SIERRA
061106,CAJAMARCA,SAN MIGUEL,LA FLORIDA,1,COSTA
061107,CAJAMARCA,SAN MIGUEL,LLAPA,2,SIERRA
061108,CAJAMARCA,SAN MIGUEL,NANCHOC,1,COSTA
061109,CAJAMARCA,SAN MIGUEL,NIEPOS,2,SIERRA
061110,CAJAMARCA,SAN MIGUEL,SAN GREGORIO,1,COSTA
061111,CAJAMARCA,SAN MIGUEL,SAN SILVESTRE DE COCHAN,2,SIERRA
061112,CAJAMARCA,SAN MIGUEL,TONGOD,2,SIERRA
061113,CAJAMARCA,SAN MIGUEL,UNION AGUA BLANCA,2,SIERRA
061201,CAJAMARCA,SAN PABLO,SAN PABLO,2,SIERRA
061202,CAJAMARCA,SAN PABLO,SAN BERNARDINO,1,COSTA
061203,CAJAMARCA,SAN PABLO,SAN LUIS,1,COSTA
061204,CAJAMARCA,SAN PABLO,TUMBADEN,2,SIERRA
061301,CAJAMARCA,SANTA CRUZ,SANTA CRUZ,2,SIERRA
061302,CAJAMARCA,SANTA CRUZ,ANDABAMBA,2,SIERRA
061303,CAJAMARCA,SANTA CRUZ,CATACHE,1,COSTA
061304,CAJAMARCA,SANTA CRUZ,CHANCAYBAÑOS,1,COSTA
061305,CAJAMARCA,SANTA CRUZ,LA ESPERANZA,1,COSTA
061306,CAJAMARCA,SANTA CRUZ,NINABAMBA,2,SIERRA
061307,CAJAMARCA,SANTA CRUZ,PULAN,2,SIERRA
061308,CAJAMARCA,SANTA CRUZ,SAUCEPAMPA,1,COSTA
061309,CAJAMARCA,SANTA CRUZ,SEXI,2,SIERRA
061310,CAJAMARCA,SANTA CRUZ,UTICYACU,2,SIERRA
061311,CAJAMARCA,SANTA CRUZ,YAUYUCAN,2,SIERRA
100101,HUANUCO,HUANUCO,HUANUCO,3,SELVA ALTA
100102,HUANUCO,HUANUCO,AMARILIS,3,SELVA ALTA
100103,HUANUCO,HUANUCO,CHINCHAO,2,SIERRA
100104,HUANUCO,HUANUCO,CHURUBAMBA,3,SELVA ALTA
100105,HUANUCO,HUANUCO,MARGOS,2,SIERRA
100106,HUANUCO,HUANUCO,QUISQUI (KICHKI),2,SIERRA
100107,HUANUCO,HUANUCO,SAN FRANCISCO DE CAYRAN,2,SIERRA
100108,HUANUCO,HUANUCO,SAN PEDRO DE CHAULAN,2,SIERRA
100109,HUANUCO,HUANUCO,SANTA MARIA DEL VALLE,3,SELVA ALTA
100110,HUANUCO,HUANUCO,YARUMAYO,2,SIERRA
100111,HUANUCO,HUANUCO,PILLCO MARCA,3,SELVA ALTA
100112,HUANUCO,HUANUCO,YACUS,2,SIERRA
100113,HUANUCO,HUANUCO,SAN PABLO DE PILLAO,2,SIERRA
100201,HUANUCO,AMBO,AMBO,2,SIERRA
100202,HUANUCO,AMBO,CAYNA,2,SIERRA
100203,HUANUCO,AMBO,COLPAS,2,SIERRA
100204,HUANUCO,AMBO,CONCHAMARCA,2,SIERRA
100205,HUANUCO,AMBO,HUACAR,2,SIERRA
100206,HUANUCO,AMBO,SAN FRANCISCO,2,SIERRA
100207,HUANUCO,AMBO,SAN RAFAEL,2,SIERRA
100208,HUANUCO,AMBO,TOMAY KICHWA,2,SIERRA
100301,HUANUCO,DOS DE MAYO,LA UNION,2,SIERRA
100307,HUANUCO,DOS DE MAYO,CHUQUIS,2,SIERRA
100311,HUANUCO,DOS DE MAYO,MARIAS,2,SIERRA
100313,HUANUCO,DOS DE MAYO,PACHAS,2,SIERRA
100316,HUANUCO,DOS DE MAYO,QUIVILLA,2,SIERRA
100317,HUANUCO,DOS DE MAYO,RIPAN,2,SIERRA
100321,HUANUCO,DOS DE MAYO,SHUNQUI,2,SIERRA
100322,HUANUCO,DOS DE MAYO,SILLAPATA,2,SIERRA
100323,HUANUCO,DOS DE MAYO,YANAS,2,SIERRA
100401,HUANUCO,HUACAYBAMBA,HUACAYBAMBA,2,SIERRA
100402,HUANUCO,HUACAYBAMBA,CANCHABAMBA,2,SIERRA
100403,HUANUCO,HUACAYBAMBA,COCHABAMBA,2,SIERRA
100404,HUANUCO,HUACAYBAMBA,PINRA,2,SIERRA
100501,HUANUCO,HUAMALIES,LLATA,2,SIERRA
100502,HUANUCO,HUAMALIES,ARANCAY,2,SIERRA
100503,HUANUCO,HUAMALIES,CHAVIN DE PARIARCA,2,SIERRA
100504,HUANUCO,HUAMALIES,JACAS GRANDE,2,SIERRA
100505,HUANUCO,HUAMALIES,JIRCAN,2,SIERRA
100506,HUANUCO,HUAMALIES,MIRAFLORES,2,SIERRA
100507,HUANUCO,HUAMALIES,MONZON,3,SELVA ALTA
100508,HUANUCO,HUAMALIES,PUNCHAO,2,SIERRA
100509,HUANUCO,HUAMALIES,PUÑOS,2,SIERRA
100510,HUANUCO,HUAMALIES,SINGA,2,SIERRA
100511,HUANUCO,HUAMALIES,TANTAMAYO,2,SIERRA
100601,HUANUCO,LEONCIO PRADO,RUPA-RUPA,3,SELVA ALTA
100602,HUANUCO,LEONCIO PRADO,DANIEL ALOMIA ROBLES,3,SELVA ALTA
100603,HUANUCO,LEONCIO PRADO,HERMILIO VALDIZAN,3,SELVA ALTA
100604,HUANUCO,LEONCIO PRADO,JOSE CRESPO Y CASTILLO,3,SELVA ALTA
100605,HUANUCO,LEONCIO PRADO,LUYANDO,3,SELVA ALTA
100606,HUANUCO,LEONCIO PRADO,MARIANO DAMASO BERAUN,3,SELVA ALTA
100607,HUANUCO,LEONCIO PRADO,PUCAYACU,3,SELVA ALTA
100608,HUANUCO,LEONCIO PRADO,CASTILLO GRANDE,3,SELVA ALTA
100609,HUANUCO,LEONCIO PRADO,PUEBLO NUEVO,3,SELVA ALTA
100610,HUANUCO,LEONCIO PRADO,SANTO DOMINGO DE ANDA,3,SELVA ALTA
100701,HUANUCO,MARAÑON,HUACRACHUCO,2,SIERRA
100702,HUANUCO,MARAÑON,CHOLON,2,SIERRA
100703,HUANUCO,MARAÑON,SAN BUENAVENTURA,2,SIERRA
100704,HUANUCO,MARAÑON,LA MORADA,3,SELVA ALTA
100705,HUANUCO,MARAÑON,SANTA ROSA DE ALTO YANAJANCA,3,SELVA ALTA
100801,HUANUCO,PACHITEA,PANAO,2,SIERRA
100802,HUANUCO,PACHITEA,CHAGLLA,2,SIERRA
100803,HUANUCO,PACHITEA,MOLINO,2,SIERRA
100804,HUANUCO,PACHITEA,UMARI,2,SIERRA
100901,HUANUCO,PUERTO INCA,PUERTO INCA,4,SELVA BAJA
100902,HUANUCO,PUERTO INCA,CODO DEL POZUZO,4,SELVA BAJA
100903,HUANUCO,PUERTO INCA,HONORIA,4,SELVA BAJA
100904,HUANUCO,PUERTO INCA,TOURNAVISTA,4,SELVA BAJA
100905,HUANUCO,PUERTO INCA,YUYAPICHIS,4,SELVA BAJA
101001,HUANUCO,LAURICOCHA,JESUS,2,SIERRA
101002,HUANUCO,LAURICOCHA,BAÑOS,2,SIERRA
101003,HUANUCO,LAURICOCHA,JIVIA,2,SIERRA
101004,HUANUCO,LAURICOCHA,QUEROPALCA,2,SIERRA
101005,HUANUCO,LAURICOCHA,RONDOS,2,SIERRA
101006,HUANUCO,LAURICOCHA,SAN FRANCISCO DE ASIS,2,SIERRA
101007,HUANUCO,LAURICOCHA,SAN MIGUEL DE CAURI,2,SIERRA
101101,HUANUCO,YAROWILCA,CHAVINILLO,2,SIERRA
101102,HUANUCO,YAROWILCA,CAHUAC,2,SIERRA
101103,HUANUCO,YAROWILCA,CHACABAMBA,2,SIERRA
101104,HUANUCO,YAROWILCA,APARICIO POMARES,2,SIERRA
101105,HUANUCO,YAROWILCA,JACAS CHICO,2,SIERRA
101106,HUANUCO,YAROWILCA,OBAS,2,SIERRA
101107,HUANUCO,YAROWILCA,PAMPAMARCA,2,SIERRA
101108,HUANUCO,YAROWILCA,CHORAS,2,SIERRA
120101,JUNIN,HUANCAYO,HUANCAYO,2,SIERRA
120104,JUNIN,HUANCAYO,CARHUACALLANGA,2,SIERRA
120105,JUNIN,HUANCAYO,CHACAPAMPA,2,SIERRA
120106,JUNIN,HUANCAYO,CHICCHE,2,SIERRA
120107,JUNIN,HUANCAYO,CHILCA,2,SIERRA
120108,JUNIN,HUANCAYO,CHONGOS ALTO,2,SIERRA
120111,JUNIN,HUANCAYO,CHUPURO,2,SIERRA
120112,JUNIN,HUANCAYO,COLCA,2,SIERRA
120113,JUNIN,HUANCAYO,CULLHUAS,2,SIERRA
120114,JUNIN,HUANCAYO,EL TAMBO,2,SIERRA
120116,JUNIN,HUANCAYO,HUACRAPUQUIO,2,SIERRA
120117,JUNIN,HUANCAYO,HUALHUAS,2,SIERRA
120119,JUNIN,HUANCAYO,HUANCAN,2,SIERRA
120120,JUNIN,HUANCAYO,HUASICANCHA,2,SIERRA
120121,JUNIN,HUANCAYO,HUAYUCACHI,2,SIERRA
120122,JUNIN,HUANCAYO,INGENIO,2,SIERRA
120124,JUNIN,HUANCAYO,PARIAHUANCA,2,SIERRA
120125,JUNIN,HUANCAYO,PILCOMAYO,2,SIERRA
120126,JUNIN,HUANCAYO,PUCARA,2,SIERRA
120127,JUNIN,HUANCAYO,QUICHUAY,2,SIERRA
120128,JUNIN,HUANCAYO,QUILCAS,2,SIERRA
120129,JUNIN,HUANCAYO,SAN AGUSTIN,2,SIERRA
120130,JUNIN,HUANCAYO,SAN JERONIMO DE TUNAN,2,SIERRA
120132,JUNIN,HUANCAYO,SAÑO,2,SIERRA
120133,JUNIN,HUANCAYO,SAPALLANGA,2,SIERRA
120134,JUNIN,HUANCAYO,SICAYA,2,SIERRA
120135,JUNIN,HUANCAYO,SANTO DOMINGO DE ACOBAMBA,2,SIERRA
120136,JUNIN,HUANCAYO,VIQUES,2,SIERRA
120201,JUNIN,CONCEPCION,CONCEPCION,2,SIERRA
120202,JUNIN,CONCEPCION,ACO,2,SIERRA
120203,JUNIN,CONCEPCION,ANDAMARCA,2,SIERRA
120204,JUNIN,CONCEPCION,CHAMBARA,2,SIERRA
120205,JUNIN,CONCEPCION,COCHAS,2,SIERRA
120206,JUNIN,CONCEPCION,COMAS,2,SIERRA
120207,JUNIN,CONCEPCION,HEROINAS TOLEDO,2,SIERRA
120208,JUNIN,CONCEPCION,MANZANARES,2,SIERRA
120209,JUNIN,CONCEPCION,MARISCAL CASTILLA,2,SIERRA
120210,JUNIN,CONCEPCION,MATAHUASI,2,SIERRA
120211,JUNIN,CONCEPCION,MITO,2,SIERRA
120212,JUNIN,CONCEPCION,NUEVE DE JULIO,2,SIERRA
120213,JUNIN,CONCEPCION,ORCOTUNA,2,SIERRA
120214,JUNIN,CONCEPCION,SAN JOSE DE QUERO,2,SIERRA
120215,JUNIN,CONCEPCION,SANTA ROSA DE OCOPA,2,SIERRA
120301,JUNIN,CHANCHAMAYO,CHANCHAMAYO,3,SELVA ALTA
120302,JUNIN,CHANCHAMAYO,PERENE,3,SELVA ALTA
120303,JUNIN,CHANCHAMAYO,PICHANAQUI,3,SELVA ALTA
120304,JUNIN,CHANCHAMAYO,SAN LUIS DE SHUARO,3,SELVA ALTA
120305,JUNIN,CHANCHAMAYO,SAN RAMON,3,SELVA ALTA
120306,JUNIN,CHANCHAMAYO,VITOC,3,SELVA ALTA
120401,JUNIN,JAUJA,JAUJA,2,SIERRA
120402,JUNIN,JAUJA,ACOLLA,2,SIERRA
120403,JUNIN,JAUJA,APATA,2,SIERRA
120404,JUNIN,JAUJA,ATAURA,2,SIERRA
120405,JUNIN,JAUJA,CANCHAYLLO,2,SIERRA
120406,JUNIN,JAUJA,CURICACA,2,SIERRA
120407,JUNIN,JAUJA,EL MANTARO,2,SIERRA
120408,JUNIN,JAUJA,HUAMALI,2,SIERRA
120409,JUNIN,JAUJA,HUARIPAMPA,2,SIERRA
120410,JUNIN,JAUJA,HUERTAS,2,SIERRA
120411,JUNIN,JAUJA,JANJAILLO,2,SIERRA
120412,JUNIN,JAUJA,JULCAN,2,SIERRA
120413,JUNIN,JAUJA,LEONOR ORDOÑEZ,2,SIERRA
120414,JUNIN,JAUJA,LLOCLLAPAMPA,2,SIERRA
120415,JUNIN,JAUJA,MARCO,2,SIERRA
120416,JUNIN,JAUJA,MASMA,2,SIERRA
120417,JUNIN,JAUJA,MASMA CHICCHE,2,SIERRA
120418,JUNIN,JAUJA,MOLINOS,2,SIERRA
120419,JUNIN,JAUJA,MONOBAMBA,3,SELVA ALTA
120420,JUNIN,JAUJA,MUQUI,2,SIERRA
120421,JUNIN,JAUJA,MUQUIYAUYO,2,SIERRA
120422,JUNIN,JAUJA,PACA,2,SIERRA
120423,JUNIN,JAUJA,PACCHA,2,SIERRA
120424,JUNIN,JAUJA,PANCAN,2,SIERRA
120425,JUNIN,JAUJA,PARCO,2,SIERRA
120426,JUNIN,JAUJA,POMACANCHA,2,SIERRA
120427,JUNIN,JAUJA,RICRAN,2,SIERRA
120428,JUNIN,JAUJA,SAN LORENZO,2,SIERRA
120429,JUNIN,JAUJA,SAN PEDRO DE CHUNAN,2,SIERRA
120430,JUNIN,JAUJA,SAUSA,2,SIERRA
120431,JUNIN,JAUJA,SINCOS,2,SIERRA
120432,JUNIN,JAUJA,TUNAN MARCA,2,SIERRA
120433,JUNIN,JAUJA,YAULI,2,SIERRA
120434,JUNIN,JAUJA,YAUYOS,2,SIERRA
120501,JUNIN,JUNIN,JUNIN,2,SIERRA
120502,JUNIN,JUNIN,CARHUAMAYO,2,SIERRA
120503,JUNIN,JUNIN,ONDORES,2,SIERRA
120504,JUNIN,JUNIN,ULCUMAYO,2,SIERRA
120601,JUNIN,SATIPO,SATIPO,3,SELVA ALTA
120602,JUNIN,SATIPO,COVIRIALI,3,SELVA ALTA
120603,JUNIN,SATIPO,LLAYLLA,3,SELVA ALTA
120604,JUNIN,SATIPO,MAZAMARI,3,SELVA ALTA
120605,JUNIN,SATIPO,PAMPA HERMOSA,3,SELVA ALTA
120606,JUNIN,SATIPO,PANGOA,3,SELVA ALTA
120607,JUNIN,SATIPO,RIO NEGRO,3,SELVA ALTA
120608,JUNIN,SATIPO,RIO TAMBO,4,SELVA BAJA
120609,JUNIN,SATIPO,VIZCATÁN DEL ENE,3,SELVA ALTA
120701,JUNIN,TARMA,TARMA,2,SIERRA
120702,JUNIN,TARMA,ACOBAMBA,2,SIERRA
120703,JUNIN,TARMA,HUARICOLCA,2,SIERRA
120704,JUNIN,TARMA,HUASAHUASI,2,SIERRA
120705,JUNIN,TARMA,LA UNION,2,SIERRA
120706,JUNIN,TARMA,PALCA,2,SIERRA
120707,JUNIN,TARMA,PALCAMAYO,2,SIERRA
120708,JUNIN,TARMA,SAN PEDRO DE CAJAS,2,SIERRA
120709,JUNIN,TARMA,TAPO,2,SIERRA
120801,JUNIN,YAULI,LA OROYA,2,SIERRA
120802,JUNIN,YAULI,CHACAPALPA,2,SIERRA
120803,JUNIN,YAULI,HUAY-HUAY,2,SIERRA
120804,JUNIN,YAULI,MARCAPOMACOCHA,2,SIERRA
120805,JUNIN,YAULI,MOROCOCHA,2,SIERRA
120806,JUNIN,YAULI,PACCHA,2,SIERRA
120807,JUNIN,YAULI,SANTA BARBARA DE CARHUACAYAN,2,SIERRA
120808,JUNIN,YAULI,SANTA ROSA DE SACCO,2,SIERRA
120809,JUNIN,YAULI,SUITUCANCHA,2,SIERRA
120810,JUNIN,YAULI,YAULI,2,SIERRA
120901,JUNIN,CHUPACA,CHUPACA,2,SIERRA
120902,JUNIN,CHUPACA,AHUAC,2,SIERRA
120903,JUNIN,CHUPACA,CHONGOS BAJO,2,SIERRA
120904,JUNIN,CHUPACA,HUACHAC,2,SIERRA
120905,JUNIN,CHUPACA,HUAMANCACA CHICO,2,SIERRA
120906,JUNIN,CHUPACA,SAN JUAN DE ISCOS,2,SIERRA
120907,JUNIN,CHUPACA,SAN JUAN DE JARPA,2,SIERRA
120908,JUNIN,CHUPACA,TRES DE DICIEMBRE,2,SIERRA
120909,JUNIN,CHUPACA,YANACANCHA,2,SIERRA
170101,MADRE DE DIOS,TAMBOPATA,TAMBOPATA,4,SELVA BAJA
170102,MADRE DE DIOS,TAMBOPATA,INAMBARI,4,SELVA BAJA
170103,MADRE DE DIOS,TAMBOPATA,LAS PIEDRAS,4,SELVA BAJA
170104,MADRE DE DIOS,TAMBOPATA,LABERINTO,4,SELVA BAJA
170201,MADRE DE DIOS,MANU,MANU,3,SELVA ALTA
170202,MADRE DE DIOS,MANU,FITZCARRALD,4,SELVA BAJA
170203,MADRE DE DIOS,MANU,MADRE DE DIOS,4,SELVA BAJA
170204,MADRE DE DIOS,MANU,HUEPETUHE,4,SELVA BAJA
170301,MADRE DE DIOS,TAHUAMANU,IÑAPARI,4,SELVA BAJA
170302,MADRE DE DIOS,TAHUAMANU,IBERIA,4,SELVA BAJA
170303,MADRE DE DIOS,TAHUAMANU,TAHUAMANU,4,SELVA BAJA
190101,PASCO,PASCO,CHAUPIMARCA,2,SIERRA
190102,PASCO,PASCO,HUACHON,2,SIERRA
190103,PASCO,PASCO,HUARIACA,2,SIERRA
190104,PASCO,PASCO,HUAYLLAY,2,SIERRA
190105,PASCO,PASCO,NINACACA,2,SIERRA
190106,PASCO,PASCO,PALLANCHACRA,2,SIERRA
190107,PASCO,PASCO,PAUCARTAMBO,2,SIERRA
190108,PASCO,PASCO,SAN FRANCISCO DE ASIS DE YARUSYACAN,2,SIERRA
190109,PASCO,PASCO,SIMON BOLIVAR,2,SIERRA
190110,PASCO,PASCO,TICLACAYAN,2,SIERRA
190111,PASCO,PASCO,TINYAHUARCO,2,SIERRA
190112,PASCO,PASCO,VICCO,2,SIERRA
190113,PASCO,PASCO,YANACANCHA,2,SIERRA
190201,PASCO,DANIEL ALCIDES CARRION,YANAHUANCA,2,SIERRA
190202,PASCO,DANIEL ALCIDES CARRION,CHACAYAN,2,SIERRA
190203,PASCO,DANIEL ALCIDES CARRION,GOYLLARISQUIZGA,2,SIERRA
190204,PASCO,DANIEL ALCIDES CARRION,PAUCAR,2,SIERRA
190205,PASCO,DANIEL ALCIDES CARRION,SAN PEDRO DE PILLAO,2,SIERRA
190206,PASCO,DANIEL ALCIDES CARRION,SANTA ANA DE TUSI,2,SIERRA
190207,PASCO,DANIEL ALCIDES CARRION,TAPUC,2,SIERRA
190208,PASCO,DANIEL ALCIDES CARRION,VILCABAMBA,2,SIERRA
190301,PASCO,OXAPAMPA,OXAPAMPA,3,SELVA ALTA
190302,PASCO,OXAPAMPA,CHONTABAMBA,3,SELVA ALTA
190303,PASCO,OXAPAMPA,HUANCABAMBA,3,SELVA ALTA
190304,PASCO,OXAPAMPA,PALCAZU,4,SELVA BAJA
190305,PASCO,OXAPAMPA,POZUZO,3,SELVA ALTA
190306,PASCO,OXAPAMPA,PUERTO BERMUDEZ,4,SELVA BAJA
190307,PASCO,OXAPAMPA,VILLA RICA,3,SELVA ALTA
190308,PASCO,OXAPAMPA,CONSTITUCION,4,SELVA BAJA
220101,SAN MARTIN,MOYOBAMBA,MOYOBAMBA,3,SELVA ALTA
220102,SAN MARTIN,MOYOBAMBA,CALZADA,3,SELVA ALTA
220103,SAN MARTIN,MOYOBAMBA,HABANA,3,SELVA ALTA
220104,SAN MARTIN,MOYOBAMBA,JEPELACIO,3,SELVA ALTA
220105,SAN MARTIN,MOYOBAMBA,SORITOR,3,SELVA ALTA
220106,SAN MARTIN,MOYOBAMBA,YANTALO,3,SELVA ALTA
220201,SAN MARTIN,BELLAVISTA,BELLAVISTA,4,SELVA BAJA
220202,SAN MARTIN,BELLAVISTA,ALTO BIAVO,4,SELVA BAJA
220203,SAN MARTIN,BELLAVISTA,BAJO BIAVO,4,SELVA BAJA
220204,SAN MARTIN,BELLAVISTA,HUALLAGA,4,SELVA BAJA
220205,SAN MARTIN,BELLAVISTA,SAN PABLO,4,SELVA BAJA
220206,SAN MARTIN,BELLAVISTA,SAN RAFAEL,4,SELVA BAJA
220301,SAN MARTIN,EL DORADO,SAN JOSE DE SISA,4,SELVA BAJA
220302,SAN MARTIN,EL DORADO,AGUA BLANCA,4,SELVA BAJA
220303,SAN MARTIN,EL DORADO,SAN MARTIN,4,SELVA BAJA
220304,SAN MARTIN,EL DORADO,SANTA ROSA,4,SELVA BAJA
220305,SAN MARTIN,EL DORADO,SHATOJA,4,SELVA BAJA
220401,SAN MARTIN,HUALLAGA,SAPOSOA,4,SELVA BAJA
220402,SAN MARTIN,HUALLAGA,ALTO SAPOSOA,4,SELVA BAJA
220403,SAN MARTIN,HUALLAGA,EL ESLABON,4,SELVA BAJA
220404,SAN MARTIN,HUALLAGA,PISCOYACU,4,SELVA BAJA
220405,SAN MARTIN,HUALLAGA,SACANCHE,4,SELVA BAJA
220406,SAN MARTIN,HUALLAGA,TINGO DE SAPOSOA,4,SELVA BAJA
220501,SAN MARTIN,LAMAS,LAMAS,3,SELVA ALTA
220502,SAN MARTIN,LAMAS,ALONSO DE ALVARADO,3,SELVA ALTA
220503,SAN MARTIN,LAMAS,BARRANQUITA,4,SELVA BAJA
220504,SAN MARTIN,LAMAS,CAYNARACHI,4,SELVA BAJA
220505,SAN MARTIN,LAMAS,CUÑUMBUQUI,4,SELVA BAJA
220506,SAN MARTIN,LAMAS,PINTO RECODO,4,SELVA BAJA
220507,SAN MARTIN,LAMAS,RUMISAPA,4,SELVA BAJA
220508,SAN MARTIN,LAMAS,SAN ROQUE DE CUMBAZA,3,SELVA ALTA
220509,SAN MARTIN,LAMAS,SHANAO,4,SELVA BAJA
220510,SAN MARTIN,LAMAS,TABALOSOS,3,SELVA ALTA
220511,SAN MARTIN,LAMAS,ZAPATERO,4,SELVA BAJA
220601,SAN MARTIN,MARISCAL CACERES,JUANJUI,4,SELVA BAJA
220602,SAN MARTIN,MARISCAL CACERES,CAMPANILLA,4,SELVA BAJA
220603,SAN MARTIN,MARISCAL CACERES,HUICUNGO,4,SELVA BAJA
220604,SAN MARTIN,MARISCAL CACERES,PACHIZA,4,SELVA BAJA
220605,SAN MARTIN,MARISCAL CACERES,PAJARILLO,4,SELVA BAJA
220701,SAN MARTIN,PICOTA,PICOTA,4,SELVA BAJA
220702,SAN MARTIN,PICOTA,BUENOS AIRES,4,SELVA BAJA
220703,SAN MARTIN,PICOTA,CASPISAPA,4,SELVA BAJA
220704,SAN MARTIN,PICOTA,PILLUANA,4,SELVA BAJA
220705,SAN MARTIN,PICOTA,PUCACACA,4,SELVA BAJA
220706,SAN MARTIN,PICOTA,SAN CRISTOBAL,4,SELVA BAJA
220707,SAN MARTIN,PICOTA,SAN HILARION,4,SELVA BAJA
220708,SAN MARTIN,PICOTA,SHAMBOYACU,4,SELVA BAJA
220709,SAN MARTIN,PICOTA,TINGO DE PONASA,4,SELVA BAJA
220710,SAN MARTIN,PICOTA,TRES UNIDOS,4,SELVA BAJA
220801,SAN MARTIN,RIOJA,RIOJA,3,SELVA ALTA
220802,SAN MARTIN,RIOJA,AWAJUN,3,SELVA ALTA
220803,SAN MARTIN,RIOJA,ELIAS SOPLIN VARGAS,3,SELVA ALTA
220804,SAN MARTIN,RIOJA,NUEVA CAJAMARCA,3,SELVA ALTA
220805,SAN MARTIN,RIOJA,PARDO MIGUEL,3,SELVA ALTA
220806,SAN MARTIN,RIOJA,POSIC,3,SELVA ALTA
220807,SAN MARTIN,RIOJA,SAN FERNANDO,3,SELVA ALTA
220808,SAN MARTIN,RIOJA,YORONGOS,3,SELVA ALTA
220809,SAN MARTIN,RIOJA,YURACYACU,3,SELVA ALTA
220901,SAN MARTIN,SAN MARTIN,TARAPOTO,4,SELVA BAJA
220902,SAN MARTIN,SAN MARTIN,ALBERTO LEVEAU,4,SELVA BAJA
220903,SAN MARTIN,SAN MARTIN,CACATACHI,4,SELVA BAJA
220904,SAN MARTIN,SAN MARTIN,CHAZUTA,4,SELVA BAJA
220905,SAN MARTIN,SAN MARTIN,CHIPURANA,4,SELVA BAJA
220906,SAN MARTIN,SAN MARTIN,EL PORVENIR,4,SELVA BAJA
220907,SAN MARTIN,SAN MARTIN,HUIMBAYOC,4,SELVA BAJA
220908,SAN MARTIN,SAN MARTIN,JUAN GUERRA,4,SELVA BAJA
220909,SAN MARTIN,SAN MARTIN,LA BANDA DE SHILCAYO,4,SELVA BAJA
220910,SAN MARTIN,SAN MARTIN,MORALES,4,SELVA BAJA
220911,SAN MARTIN,SAN MARTIN,PAPAPLAYA,4,SELVA BAJA
220912,SAN MARTIN,SAN MARTIN,SAN ANTONIO,4,SELVA BAJA
220913,SAN MARTIN,SAN MARTIN,SAUCE,3,SELVA ALTA
220914,SAN MARTIN,SAN MARTIN,SHAPAJA,4,SELVA BAJA
221001,SAN MARTIN,TOCACHE,TOCACHE,3,SELVA ALTA
221002,SAN MARTIN,TOCACHE,NUEVO PROGRESO,3,SELVA ALTA
221003,SAN MARTIN,TOCACHE,POLVORA,3,SELVA ALTA
221004,SAN MARTIN,TOCACHE,SHUNTE,3,SELVA ALTA
221005,SAN MARTIN,TOCACHE,UCHIZA,3,SELVA ALTA
221006,SAN MARTIN,TOCACHE,SANTA LUCIA,3,SELVA ALTA
,,,,,
,,,,,
,,,,,
,,,,,
,,,,,
,,,,,
,,,,,
,,,,,
,,,,,
,,,,,
,,,,,
,,,,,
,,,,,
,,,,,
,,,,,
,,,,,
,,,,,
,,,,,
,,,,,
,,,,,
